[
  {
    "Beginn": "2021-05-31T10:00:00+02:00",
    "Ende": "2021-05-31T10:00:00+02:00",
    "Raum": "01",
    "Station": "47",
    "Fachabteilung": "Innere Medizin",
    "FachabteilungsID": "0100",
    "BewegungstypID": 1,
    "Bewegungstyp": "Aufnahme",
    "FallID": "99999902",
    "PatientID": "Patient101"
  },
  {
    "Beginn": "2021-05-31T10:00:00+02:00",
    "Ende": "2021-06-09T18:00:00+02:00",
    "Raum": "01",
    "Station": "47",
    "Fachabteilung": "Innere Medizin",
    "FachabteilungsID": "0100",
    "BewegungstypID": 3,
    "Bewegungstyp": "Wechsel",
    "FallID": "99999902",
    "PatientID": "Patient101"
  },
  {
    "Beginn": "2021-06-09T18:00:00+02:00",
    "Ende": "2021-06-09T18:00:00+02:00",
    "Raum": "01",
    "Station": "47",
    "Fachabteilung": "Innere Medizin",
    "FachabteilungsID": "0100",
    "BewegungstypID": 2,
    "Bewegungstyp": "Entlassung",
    "FallID": "99999902",
    "PatientID": "Patient101"
  }
]