[
  {
    "Beginn": "2021-05-16T10:00:00+02:00",
    "Ende": "2021-05-16T10:00:00+02:00",
    "Raum": "03",
    "Station": "47",
    "Fachabteilung": "Innere Medizin",
    "FachabteilungsID": "0100",
    "BewegungstypID": 1,
    "Bewegungstyp": "Aufnahme",
    "FallID": "99999905",
    "PatientID": "Patient104"
  },
  {
    "Beginn": "2021-05-16T10:00:00+02:00",
    "Ende": "2021-06-08T18:00:00+02:00",
    "Raum": "03",
    "Station": "47",
    "Fachabteilung": "Innere Medizin",
    "FachabteilungsID": "0100",
    "BewegungstypID": 3,
    "Bewegungstyp": "Wechsel",
    "FallID": "99999905",
    "PatientID": "Patient104"
  },
  {
    "Beginn": "2021-05-16T10:00:00+02:00",
    "Ende": "2021-05-27T11:00:00+02:00",
    "Raum": "01",
    "Station": "45",
    "Fachabteilung": "Innere Medizin",
    "FachabteilungsID": "0100",
    "BewegungstypID": 3,
    "Bewegungstyp": "Wechsel",
    "FallID": "99999905",
    "PatientID": "Patient104"
  },
  {
    "Beginn": "2021-06-08T18:00:00+02:00",
    "Ende": "2021-06-08T18:00:00+02:00",
    "Raum": "01",
    "Station": "45",
    "Fachabteilung": "Innere Medizin",
    "FachabteilungsID": "0100",
    "BewegungstypID": 2,
    "Bewegungstyp": "Entlassung",
    "FallID": "99999905",
    "PatientID": "Patient104"
  }
]