[
  {
    "Beginn": "2021-05-01T10:00:00+02:00",
    "Ende": "2021-05-01T10:00:00+02:00",
    "Raum": "01",
    "Station": "47",
    "Fachabteilung": "Innere Medizin",
    "FachabteilungsID": "0100",
    "BewegungstypID": 1,
    "Bewegungstyp": "Aufnahme",
    "FallID": "99999903",
    "PatientID": "Patient102"
  },
  {
    "Beginn": "2021-05-01T10:00:00+02:00",
    "Ende": "2021-05-14T18:00:00+02:00",
    "Raum": "01",
    "Station": "47",
    "Fachabteilung": "Innere Medizin",
    "FachabteilungsID": "0100",
    "BewegungstypID": 3,
    "Bewegungstyp": "Wechsel",
    "FallID": "99999903",
    "PatientID": "Patient102"
  },
  {
    "Beginn": "2021-05-14T18:00:00+02:00",
    "Ende": "2021-05-14T18:00:00+02:00",
    "Raum": "01",
    "Station": "47",
    "Fachabteilung": "Innere Medizin",
    "FachabteilungsID": "0100",
    "BewegungstypID": 2,
    "Bewegungstyp": "Entlassung",
    "FallID": "99999903",
    "PatientID": "Patient102"
  },
  {
    "Beginn": "2021-05-31T10:00:00+02:00",
    "Ende": "2021-05-31T10:00:00+02:00",
    "Raum": "02",
    "Station": "47",
    "Fachabteilung": "Innere Medizin",
    "FachabteilungsID": "0100",
    "BewegungstypID": 1,
    "Bewegungstyp": "Aufnahme",
    "FallID": "99999904",
    "PatientID": "Patient102"
  },
  {
    "Beginn": "2021-05-31T10:00:00+02:00",
    "Ende": "2021-06-04T18:00:00+02:00",
    "Raum": "02",
    "Station": "47",
    "Fachabteilung": "Innere Medizin",
    "FachabteilungsID": "0100",
    "BewegungstypID": 3,
    "Bewegungstyp": "Wechsel",
    "FallID": "99999904",
    "PatientID": "Patient102"
  },
  {
    "Beginn": "2021-06-04T18:00:00+02:00",
    "Ende": "2021-06-04T18:00:00+02:00",
    "Raum": "02",
    "Station": "47",
    "Fachabteilung": "Innere Medizin",
    "FachabteilungsID": "0100",
    "BewegungstypID": 2,
    "Bewegungstyp": "Entlassung",
    "FallID": "99999904",
    "PatientID": "Patient102"
  }
]