[
  {
    "Beginn": "2021-05-30T10:00:00+02:00",
    "Ende": "2021-05-30T10:00:00+02:00",
    "Raum": "06",
    "Station": "47",
    "Fachabteilung": "Innere Medizin",
    "FachabteilungsID": "0100",
    "BewegungstypID": 1,
    "Bewegungstyp": "Aufnahme",
    "FallID": "99999909",
    "PatientID": "Patient108"
  },
  {
    "Beginn": "2021-05-30T10:00:00+02:00",
    "Ende": "2021-06-05T18:00:00+02:00",
    "Raum": "06",
    "Station": "47",
    "Fachabteilung": "Innere Medizin",
    "FachabteilungsID": "0100",
    "BewegungstypID": 3,
    "Bewegungstyp": "Wechsel",
    "FallID": "99999909",
    "PatientID": "Patient108"
  },
  {
    "Beginn": "2021-06-05T18:00:00+02:00",
    "Ende": "2021-06-05T18:00:00+02:00",
    "Raum": "06",
    "Station": "47",
    "Fachabteilung": "Innere Medizin",
    "FachabteilungsID": "0100",
    "BewegungstypID": 2,
    "Bewegungstyp": "Entlassung",
    "FallID": "99999909",
    "PatientID": "Patient108"
  }
]