{
  "Patienten_Bewegungen": [
    {
      "Beginn": "2021-05-01T10:00:00+02:00",
      "Ende": "2021-05-01T10:00:00+02:00",
      "Raum": "01",
      "Station": "47",
      "Fachabteilung": "Innere Medizin",
      "FachabteilungsID": "0100",
      "BewegungstypID": 1,
      "Bewegungstyp": "Aufnahme",
      "FallID": "99999903",
      "PatientID": "Patient102"
    },
    {
      "Beginn": "2021-05-01T10:00:00+02:00",
      "Ende": "2021-05-14T18:00:00+02:00",
      "Raum": "01",
      "Station": "47",
      "Fachabteilung": "Innere Medizin",
      "FachabteilungsID": "0100",
      "BewegungstypID": 3,
      "Bewegungstyp": "Wechsel",
      "FallID": "99999903",
      "PatientID": "Patient102"
    },
    {
      "Beginn": "2021-05-14T18:00:00+02:00",
      "Ende": "2021-05-14T18:00:00+02:00",
      "Raum": "01",
      "Station": "47",
      "Fachabteilung": "Innere Medizin",
      "FachabteilungsID": "0100",
      "BewegungstypID": 2,
      "Bewegungstyp": "Entlassung",
      "FallID": "99999903",
      "PatientID": "Patient102"
    },
    {
      "Beginn": "2021-05-31T10:00:00+02:00",
      "Ende": "2021-05-31T10:00:00+02:00",
      "Raum": "02",
      "Station": "47",
      "Fachabteilung": "Innere Medizin",
      "FachabteilungsID": "0100",
      "BewegungstypID": 1,
      "Bewegungstyp": "Aufnahme",
      "FallID": "99999904",
      "PatientID": "Patient102"
    },
    {
      "Beginn": "2021-05-31T10:00:00+02:00",
      "Ende": "2021-06-04T18:00:00+02:00",
      "Raum": "02",
      "Station": "47",
      "Fachabteilung": "Innere Medizin",
      "FachabteilungsID": "0100",
      "BewegungstypID": 3,
      "Bewegungstyp": "Wechsel",
      "FallID": "99999904",
      "PatientID": "Patient102"
    },
    {
      "Beginn": "2021-06-04T18:00:00+02:00",
      "Ende": "2021-06-04T18:00:00+02:00",
      "Raum": "02",
      "Station": "47",
      "Fachabteilung": "Innere Medizin",
      "FachabteilungsID": "0100",
      "BewegungstypID": 2,
      "Bewegungstyp": "Entlassung",
      "FallID": "99999904",
      "PatientID": "Patient102"
    },
    {
      "Beginn": "2021-05-16T10:00:00+02:00",
      "Ende": "2021-05-16T10:00:00+02:00",
      "Raum": "03",
      "Station": "47",
      "Fachabteilung": "Innere Medizin",
      "FachabteilungsID": "0100",
      "BewegungstypID": 1,
      "Bewegungstyp": "Aufnahme",
      "FallID": "99999905",
      "PatientID": "Patient104"
    },
    {
      "Beginn": "2021-05-16T10:00:00+02:00",
      "Ende": "2021-06-08T18:00:00+02:00",
      "Raum": "03",
      "Station": "47",
      "Fachabteilung": "Innere Medizin",
      "FachabteilungsID": "0100",
      "BewegungstypID": 3,
      "Bewegungstyp": "Wechsel",
      "FallID": "99999905",
      "PatientID": "Patient104"
    },
    {
      "Beginn": "2021-05-16T10:00:00+02:00",
      "Ende": "2021-05-27T11:00:00+02:00",
      "Raum": "01",
      "Station": "45",
      "Fachabteilung": "Innere Medizin",
      "FachabteilungsID": "0100",
      "BewegungstypID": 3,
      "Bewegungstyp": "Wechsel",
      "FallID": "99999905",
      "PatientID": "Patient104"
    },
    {
      "Beginn": "2021-06-08T18:00:00+02:00",
      "Ende": "2021-06-08T18:00:00+02:00",
      "Raum": "01",
      "Station": "45",
      "Fachabteilung": "Innere Medizin",
      "FachabteilungsID": "0100",
      "BewegungstypID": 2,
      "Bewegungstyp": "Entlassung",
      "FallID": "99999905",
      "PatientID": "Patient104"
    },
    {
      "Beginn": "2021-05-28T10:00:00+02:00",
      "Ende": "2021-05-28T10:00:00+02:00",
      "Raum": "05",
      "Station": "47",
      "Fachabteilung": "Innere Medizin",
      "FachabteilungsID": "0100",
      "BewegungstypID": 1,
      "Bewegungstyp": "Aufnahme",
      "FallID": "99999907",
      "PatientID": "Patient106"
    },
    {
      "Beginn": "2021-05-28T10:00:00+02:00",
      "Ende": "2021-06-09T18:00:00+02:00",
      "Raum": "05",
      "Station": "47",
      "Fachabteilung": "Innere Medizin",
      "FachabteilungsID": "0100",
      "BewegungstypID": 3,
      "Bewegungstyp": "Wechsel",
      "FallID": "99999907",
      "PatientID": "Patient106"
    },
    {
      "Beginn": "2021-06-09T18:00:00+02:00",
      "Ende": "2021-06-09T18:00:00+02:00",
      "Raum": "05",
      "Station": "47",
      "Fachabteilung": "Innere Medizin",
      "FachabteilungsID": "0100",
      "BewegungstypID": 2,
      "Bewegungstyp": "Entlassung",
      "FallID": "99999907",
      "PatientID": "Patient106"
    },
    {
      "Beginn": "2021-05-28T10:00:00+02:00",
      "Ende": "2021-05-28T10:00:00+02:00",
      "Raum": "01",
      "Station": "47",
      "Fachabteilung": "Innere Medizin",
      "FachabteilungsID": "0100",
      "BewegungstypID": 1,
      "Bewegungstyp": "Aufnahme",
      "FallID": "99999901",
      "PatientID": "Patient100"
    },
    {
      "Beginn": "2021-05-28T10:00:00+02:00",
      "Ende": "2021-06-05T18:00:00+02:00",
      "Raum": "01",
      "Station": "47",
      "Fachabteilung": "Innere Medizin",
      "FachabteilungsID": "0100",
      "BewegungstypID": 3,
      "Bewegungstyp": "Wechsel",
      "FallID": "99999901",
      "PatientID": "Patient100"
    },
    {
      "Beginn": "2021-06-05T18:00:00+02:00",
      "Ende": "2021-06-05T18:00:00+02:00",
      "Raum": "01",
      "Station": "47",
      "Fachabteilung": "Innere Medizin",
      "FachabteilungsID": "0100",
      "BewegungstypID": 2,
      "Bewegungstyp": "Entlassung",
      "FallID": "99999901",
      "PatientID": "Patient100"
    },
    {
      "Beginn": "2021-05-26T10:00:00+02:00",
      "Ende": "2021-05-26T10:00:00+02:00",
      "Raum": "01",
      "Station": "47",
      "Fachabteilung": "Innere Medizin",
      "FachabteilungsID": "0100",
      "BewegungstypID": 1,
      "Bewegungstyp": "Aufnahme",
      "FallID": "99999904",
      "PatientID": "Patient103"
    },
    {
      "Beginn": "2021-05-28T10:00:00+02:00",
      "Ende": "2021-06-05T18:00:00+02:00",
      "Raum": "01",
      "Station": "47",
      "Fachabteilung": "Innere Medizin",
      "FachabteilungsID": "0100",
      "BewegungstypID": 3,
      "Bewegungstyp": "Wechsel",
      "FallID": "99999904",
      "PatientID": "Patient103"
    },
    {
      "Beginn": "2021-06-09T18:00:00+02:00",
      "Ende": "2021-06-09T18:00:00+02:00",
      "Raum": "01",
      "Station": "47",
      "Fachabteilung": "Innere Medizin",
      "FachabteilungsID": "0100",
      "BewegungstypID": 2,
      "Bewegungstyp": "Entlassung",
      "FallID": "99999904",
      "PatientID": "Patient103"
    },
    {
      "Beginn": "2021-05-20T10:00:00+02:00",
      "Ende": "2021-05-20T10:00:00+02:00",
      "Raum": "01",
      "Station": "46",
      "Fachabteilung": "Innere Medizin",
      "FachabteilungsID": "0100",
      "BewegungstypID": 1,
      "Bewegungstyp": "Aufnahme",
      "FallID": "99999906",
      "PatientID": "Patient105"
    },
    {
      "Beginn": "2021-05-20T10:00:00+02:00",
      "Ende": "2021-05-28T11:00:00+02:00",
      "Raum": "01",
      "Station": "46",
      "Fachabteilung": "Innere Medizin",
      "FachabteilungsID": "0100",
      "BewegungstypID": 3,
      "Bewegungstyp": "Wechsel",
      "FallID": "99999906",
      "PatientID": "Patient105"
    },
    {
      "Beginn": "2021-05-28T11:00:00+02:00",
      "Ende": "2021-06-10T18:00:00+02:00",
      "Raum": "04",
      "Station": "47",
      "Fachabteilung": "Innere Medizin",
      "FachabteilungsID": "0100",
      "BewegungstypID": 3,
      "Bewegungstyp": "Wechsel",
      "FallID": "99999906",
      "PatientID": "Patient105"
    },
    {
      "Beginn": "2021-06-10T18:00:00+02:00",
      "Ende": "2021-06-10T18:00:00+02:00",
      "Raum": "04",
      "Station": "47",
      "Fachabteilung": "Innere Medizin",
      "FachabteilungsID": "0100",
      "BewegungstypID": 2,
      "Bewegungstyp": "Entlassung",
      "FallID": "99999906",
      "PatientID": "Patient105"
    },
    {
      "Beginn": "2021-05-30T10:00:00+02:00",
      "Ende": "2021-05-30T10:00:00+02:00",
      "Raum": "06",
      "Station": "47",
      "Fachabteilung": "Innere Medizin",
      "FachabteilungsID": "0100",
      "BewegungstypID": 1,
      "Bewegungstyp": "Aufnahme",
      "FallID": "99999909",
      "PatientID": "Patient108"
    },
    {
      "Beginn": "2021-05-30T10:00:00+02:00",
      "Ende": "2021-06-05T18:00:00+02:00",
      "Raum": "06",
      "Station": "47",
      "Fachabteilung": "Innere Medizin",
      "FachabteilungsID": "0100",
      "BewegungstypID": 3,
      "Bewegungstyp": "Wechsel",
      "FallID": "99999909",
      "PatientID": "Patient108"
    },
    {
      "Beginn": "2021-06-05T18:00:00+02:00",
      "Ende": "2021-06-05T18:00:00+02:00",
      "Raum": "06",
      "Station": "47",
      "Fachabteilung": "Innere Medizin",
      "FachabteilungsID": "0100",
      "BewegungstypID": 2,
      "Bewegungstyp": "Entlassung",
      "FallID": "99999909",
      "PatientID": "Patient108"
    },
    {
      "Beginn": "2021-05-31T10:00:00+02:00",
      "Ende": "2021-05-31T10:00:00+02:00",
      "Raum": "01",
      "Station": "47",
      "Fachabteilung": "Innere Medizin",
      "FachabteilungsID": "0100",
      "BewegungstypID": 1,
      "Bewegungstyp": "Aufnahme",
      "FallID": "99999902",
      "PatientID": "Patient101"
    },
    {
      "Beginn": "2021-05-31T10:00:00+02:00",
      "Ende": "2021-06-09T18:00:00+02:00",
      "Raum": "01",
      "Station": "47",
      "Fachabteilung": "Innere Medizin",
      "FachabteilungsID": "0100",
      "BewegungstypID": 3,
      "Bewegungstyp": "Wechsel",
      "FallID": "99999902",
      "PatientID": "Patient101"
    },
    {
      "Beginn": "2021-06-09T18:00:00+02:00",
      "Ende": "2021-06-09T18:00:00+02:00",
      "Raum": "01",
      "Station": "47",
      "Fachabteilung": "Innere Medizin",
      "FachabteilungsID": "0100",
      "BewegungstypID": 2,
      "Bewegungstyp": "Entlassung",
      "FallID": "99999902",
      "PatientID": "Patient101"
    },
    {
      "Beginn": "2021-05-31T10:00:00+02:00",
      "Ende": "2021-05-31T10:00:00+02:00",
      "Raum": "07",
      "Station": "47",
      "Fachabteilung": "Innere Medizin",
      "FachabteilungsID": "0100",
      "BewegungstypID": 1,
      "Bewegungstyp": "Aufnahme",
      "FallID": "99999910",
      "PatientID": "Patient109"
    },
    {
      "Beginn": "2021-05-31T10:00:00+02:00",
      "Ende": "2021-06-14T18:00:00+02:00",
      "Raum": "07",
      "Station": "47",
      "Fachabteilung": "Innere Medizin",
      "FachabteilungsID": "0100",
      "BewegungstypID": 3,
      "Bewegungstyp": "Wechsel",
      "FallID": "99999910",
      "PatientID": "Patient109"
    },
    {
      "Beginn": "2021-06-14T18:00:00+02:00",
      "Ende": "2021-06-14T18:00:00+02:00",
      "Raum": "07",
      "Station": "47",
      "Fachabteilung": "Innere Medizin",
      "FachabteilungsID": "0100",
      "BewegungstypID": 2,
      "Bewegungstyp": "Entlassung",
      "FallID": "99999910",
      "PatientID": "Patient109"
    }
  ],
  "Labordaten": [
    {
      "LabordatenID": "99999900003",
      "Eingangsdatum": "2021-05-04T11:00:00+02:00",
      "ZeitpunktProbeneingang": "2021-05-04T12:00:00+02:00",
      "Probenart": "03AB",
      "Material_l": "Abstrich",
      "Befund": true,
      "Befundtext": "Nachweis",
      "Keim_l": "Staphylococcus aureus",
      "KeimID": "sau",
      "Befunddatum": "2021-05-04T11:00:00+02:00",
      "Befundkommentar": null,
      "Quantity": null,
      "Einheit": null,
      "Bereich": "mikrobiologisch",
      "FallID": "99999903",
      "PatientID": "Patient102"
    },
    {
      "LabordatenID": "99999900004",
      "Eingangsdatum": "2021-06-02T11:00:00+02:00",
      "ZeitpunktProbeneingang": "2021-06-02T12:00:00+02:00",
      "Probenart": "03AB",
      "Material_l": "Abstrich",
      "Befund": true,
      "Befundtext": "Nachweis",
      "Keim_l": "Staphylococcus aureus",
      "KeimID": "sau",
      "Befunddatum": "2021-06-02T11:00:00+02:00",
      "Befundkommentar": null,
      "Quantity": null,
      "Einheit": null,
      "Bereich": "mikrobiologisch",
      "FallID": "99999904",
      "PatientID": "Patient102"
    },
    {
      "LabordatenID": "99999900001",
      "Eingangsdatum": "2021-05-27T11:00:00+02:00",
      "ZeitpunktProbeneingang": "2021-05-27T12:00:00+02:00",
      "Probenart": "03AB",
      "Material_l": "Abstrich",
      "Befund": true,
      "Befundtext": "Nachweis",
      "Keim_l": "Staphylococcus aureus",
      "KeimID": "sau",
      "Befunddatum": "2021-05-27T11:00:00+02:00",
      "Befundkommentar": null,
      "Quantity": null,
      "Einheit": null,
      "Bereich": "mikrobiologisch",
      "FallID": "99999905",
      "PatientID": "Patient104"
    },
    {
      "LabordatenID": "99999900001",
      "Eingangsdatum": "2021-06-02T11:00:00+02:00",
      "ZeitpunktProbeneingang": "2021-06-02T12:00:00+02:00",
      "Probenart": "03AB",
      "Material_l": "Abstrich",
      "Befund": true,
      "Befundtext": "Nachweis",
      "Keim_l": "Staphylococcus aureus",
      "KeimID": "sau",
      "Befunddatum": "2021-06-02T11:00:00+02:00",
      "Befundkommentar": null,
      "Quantity": null,
      "Einheit": null,
      "Bereich": "mikrobiologisch",
      "FallID": "99999907",
      "PatientID": "Patient106"
    },
    {
      "LabordatenID": "99999900001",
      "Eingangsdatum": "2021-06-01T11:00:00+02:00",
      "ZeitpunktProbeneingang": "2021-06-01T12:00:00+02:00",
      "Probenart": "03AB",
      "Material_l": "Abstrich",
      "Befund": true,
      "Befundtext": "Nachweis",
      "Keim_l": "Staphylococcus aureus",
      "KeimID": "sau",
      "Befunddatum": "2021-06-01T11:00:00+02:00",
      "Befundkommentar": null,
      "Quantity": null,
      "Einheit": null,
      "Bereich": "mikrobiologisch",
      "FallID": "99999901",
      "PatientID": "Patient100"
    },
    {
      "LabordatenID": "99999900001",
      "Eingangsdatum": "2021-05-27T11:00:00+02:00",
      "ZeitpunktProbeneingang": "2021-05-27T12:00:00+02:00",
      "Probenart": "03AB",
      "Material_l": "Abstrich",
      "Befund": true,
      "Befundtext": "Nachweis",
      "Keim_l": "Staphylococcus aureus",
      "KeimID": "sau",
      "Befunddatum": "2021-05-27T11:00:00+02:00",
      "Befundkommentar": null,
      "Quantity": null,
      "Einheit": null,
      "Bereich": "mikrobiologisch",
      "FallID": "99999906",
      "PatientID": "Patient105"
    },
    {
      "LabordatenID": "99999900001",
      "Eingangsdatum": "2021-05-31T11:00:00+02:00",
      "ZeitpunktProbeneingang": "2021-05-31T12:00:00+02:00",
      "Probenart": "03AB",
      "Material_l": "Abstrich",
      "Befund": true,
      "Befundtext": "Nachweis",
      "Keim_l": "Staphylococcus aureus",
      "KeimID": "sau",
      "Befunddatum": "2021-05-31T11:00:00+02:00",
      "Befundkommentar": null,
      "Quantity": null,
      "Einheit": null,
      "Bereich": "mikrobiologisch",
      "FallID": "99999909",
      "PatientID": "Patient108"
    },
    {
      "LabordatenID": "99999900002",
      "Eingangsdatum": "2021-06-01T11:00:00+02:00",
      "ZeitpunktProbeneingang": "2021-06-01T12:00:00+02:00",
      "Probenart": "03AB",
      "Material_l": "Abstrich",
      "Befund": true,
      "Befundtext": "Nachweis",
      "Keim_l": "Staphylococcus aureus",
      "KeimID": "sau",
      "Befunddatum": "2021-06-01T11:00:00+02:00",
      "Befundkommentar": null,
      "Quantity": null,
      "Einheit": null,
      "Bereich": "mikrobiologisch",
      "FallID": "99999902",
      "PatientID": "Patient101"
    },
    {
      "LabordatenID": "99999900001",
      "Eingangsdatum": "2021-06-04T11:00:00+02:00",
      "ZeitpunktProbeneingang": "2021-06-04T12:00:00+02:00",
      "Probenart": "03AB",
      "Material_l": "Abstrich",
      "Befund": true,
      "Befundtext": "Nachweis",
      "Keim_l": "Staphylococcus aureus",
      "KeimID": "sau",
      "Befunddatum": "2021-06-04T11:00:00+02:00",
      "Befundkommentar": null,
      "Quantity": null,
      "Einheit": null,
      "Bereich": "mikrobiologisch",
      "FallID": "99999910",
      "PatientID": "Patient109"
    }
  ]
}